CNTRY_KEY,BTCH_KEY,PPN_DT,SRC_STM_KEY,SRC_OBJ_KEY,UNQ_ID_SRC_STM,CNTRL_MD5,EFF_DT,END_DT,CNTRY_CD,CNTRY_SHRT_NM,CNTRY_NM,MBL_CNTRY_CD,RGN_CD,RGN_NM
-2,0,1/1/2020,0,0,N/A,FCFE785D0A18551687E2672389B3E69C,1/1/1990,12/31/2099,N/A,Not Applicable,Not Applicable,N/A,N/A,Not Applicable
-1,0,1/1/2020,0,0,TBD,6A128B163ED5BDFC910D23ED76D01B17,1/1/1990,12/31/2099,TBD,To Be Determined,To Be Determined,TBD,TBD,To Be Determined
4,0,1/1/2020,0,0,AFG,DCCA0C6382060E40DCD96FA706E5ABE3,1/1/1990,12/31/2099,AF,Afghanistan,The Islamic Republic of Afghanistan,93,9,Asia
8,0,1/1/2020,0,0,ALB,B280B7BA485B01672F889CB1C72A25B5,1/1/1990,12/31/2099,AL,Albania,The Republic of Albania,355,3,Europe
10,0,1/1/2020,0,0,ATA,547ABA35483FBBC3672CE723AE7663B6,1/1/1990,12/31/2099,AQ,Antarctica,All land and ice shelves south of the 60th parallel south,6721,6,Southeast Asia and Oceania
12,0,1/1/2020,0,0,DZA,EFE7871E333514CE21E5E5EFE33266DE,1/1/1990,12/31/2099,DZ,Algeria,The People's Democratic Republic of Algeria,213,2,Africa
16,0,1/1/2020,0,0,ASM,F074336F826BD78C6D9D24C1B0539021,1/1/1990,12/31/2099,AS,American Samoa,The Territory of American Samoa,684,6,Southeast Asia and Oceania
20,0,1/1/2020,0,0,AND,05B5D03BE08D4D05B97CF1D500C779F2,1/1/1990,12/31/2099,AD,Andorra,The Principality of Andorra,376,3,Europe
24,0,1/1/2020,0,0,AGO,5FE0F2816549D8C87CB0F67BD1F3D752,1/1/1990,12/31/2099,AO,Angola,The Republic of Angola,244,2,Africa
28,0,1/1/2020,0,0,ATG,142F38E941C5CFDE65DDD51CAB1045AD,1/1/1990,12/31/2099,AG,Antigua and Barbuda,Antigua and Barbuda,1268,1,"United States, Canada and Caribbean"
31,0,1/1/2020,0,0,AZE,403953C9FA76CE18BD925D97B90B0C3A,1/1/1990,12/31/2099,AZ,Azerbaijan,The Republic of Azerbaijan,994,9,Asia
32,0,1/1/2020,0,0,ARG,F97F3E903440564427564A4D01B51FC7,1/1/1990,12/31/2099,AR,Argentina,The Argentine Republic,54,5,South and Central America
36,0,1/1/2020,0,0,AUS,0216EB2F1E196C0714DE4B25246A804F,1/1/1990,12/31/2099,AU,Australia,The Commonwealth of Australia,61,6,Southeast Asia and Oceania
40,0,1/1/2020,0,0,AUT,A3551257D5A6F08E4D3D6F4959EF93D1,1/1/1990,12/31/2099,AT,Austria,The Republic of Austria,43,4,Europe
44,0,1/1/2020,0,0,BHS,63EDF2E8082630AAD8924BDCB0B8D077,1/1/1990,12/31/2099,BS,Bahamas (the),The Commonwealth of The Bahamas,1242,1,"United States, Canada and Caribbean"
48,0,1/1/2020,0,0,BHR,E8F9FAA65F30B5E8E3DAA26B86894A6B,1/1/1990,12/31/2099,BH,Bahrain,The Kingdom of Bahrain,973,9,Asia
50,0,1/1/2020,0,0,BGD,D24081363E1DA22C4D5178947981D379,1/1/1990,12/31/2099,BD,Bangladesh,The People's Republic of Bangladesh,880,8,East Asia and Satellital Services
51,0,1/1/2020,0,0,ARM,8F4CE3D0A9651FE6B7CECC1884DD4030,1/1/1990,12/31/2099,AM,Armenia,The Republic of Armenia,374,3,Europe
52,0,1/1/2020,0,0,BRB,98838182C780AA31075498EA68AB603D,1/1/1990,12/31/2099,BB,Barbados,Barbados,1246,1,"United States, Canada and Caribbean"
56,0,1/1/2020,0,0,BEL,7AB7C7B1F3D3B9F88D4BD3DD7B4C3DC1,1/1/1990,12/31/2099,BE,Belgium,The Kingdom of Belgium,32,3,Europe
60,0,1/1/2020,0,0,BMU,DACBFEBD6C297573025BF55146969E07,1/1/1990,12/31/2099,BM,Bermuda,Bermuda,1441,1,"United States, Canada and Caribbean"
64,0,1/1/2020,0,0,BTN,DCA5572F5CC3E1BF488694C5C137C7AA,1/1/1990,12/31/2099,BT,Bhutan,The Kingdom of Bhutan,975,9,Asia
68,0,1/1/2020,0,0,BOL,D2A78BB89EFEE4DC805CD0CF77EE2432,1/1/1990,12/31/2099,BO,Bolivia (Plurinational State of),The Plurinational State of Bolivia,591,5,South and Central America
70,0,1/1/2020,0,0,BIH,E762714B987A72F705BD84EE70110122,1/1/1990,12/31/2099,BA,Bosnia and Herzegovina,Bosnia and Herzegovina,387,3,Europe
72,0,1/1/2020,0,0,BWA,C96108FE1468110876C67A248E3EBDB0,1/1/1990,12/31/2099,BW,Botswana,The Republic of Botswana,267,2,Africa
74,0,1/1/2020,0,0,BVT,406E8227FE9AD20C359AE1ACB9ED984B,1/1/1990,12/31/2099,BV,Bouvet Island,Bouvet Island,N/A,N/A,Not Applicable
76,0,1/1/2020,0,0,BRA,7D03E401346FC0ACA804BF689CE8A1BB,1/1/1990,12/31/2099,BR,Brazil,The Federative Republic of Brazil,55,5,South and Central America
84,0,1/1/2020,0,0,BLZ,E93BE119C6C97D6C70748EE12F008F90,1/1/1990,12/31/2099,BZ,Belize,Belize,501,5,South and Central America
86,0,1/1/2020,0,0,IOT,253FAC1B797A267217CC5B0C592707BB,1/1/1990,12/31/2099,IO,British Indian Ocean Territory (the),The British Indian Ocean Territory,246,2,Africa
90,0,1/1/2020,0,0,SLB,2FE121C15BEBF49A251B7C140EAC781A,1/1/1990,12/31/2099,SB,Solomon Islands,The Solomon Islands,677,6,Southeast Asia and Oceania
92,0,1/1/2020,0,0,VGB,4ED36C28A91B888401081C37841A503C,1/1/1990,12/31/2099,VG,Virgin Islands (British),The Virgin Islands,1284,1,"United States, Canada and Caribbean"
96,0,1/1/2020,0,0,BRN,F20A4A6941F3B18ED2626E4FEEDAD938,1/1/1990,12/31/2099,BN,Brunei Darussalam,"The Nation of Brunei, the Abode of Peace",673,6,Southeast Asia and Oceania
100,0,1/1/2020,0,0,BGR,AED2F0E42F6CFC92955096AD4740DC0B,1/1/1990,12/31/2099,BG,Bulgaria,The Republic of Bulgaria,359,3,Europe
104,0,1/1/2020,0,0,MMR,12491B1EA113D69AE8A6C3CA749EDCE8,1/1/1990,12/31/2099,MM,Myanmar,The Republic of the Union of Myanmar,95,9,Asia
108,0,1/1/2020,0,0,BDI,912C09D1D6DF7D633BF5797B39E28920,1/1/1990,12/31/2099,BI,Burundi,The Republic of Burundi,257,2,Africa
112,0,1/1/2020,0,0,BLR,3161A8982C9E73518296CF7A8BFCF08D,1/1/1990,12/31/2099,BY,Belarus,The Republic of Belarus,375,3,Europe
116,0,1/1/2020,0,0,KHM,6074920E9285B8F05C0B64775F16A861,1/1/1990,12/31/2099,KH,Cambodia,The Kingdom of Cambodia,855,8,East Asia and Satellital Services
120,0,1/1/2020,0,0,CMR,F060490FD14F22632F4F533FBC37F576,1/1/1990,12/31/2099,CM,Cameroon,The Republic of Cameroon,237,2,Africa
124,0,1/1/2020,0,0,CAN,3D701D7A4C406450273787CA7D6695D4,1/1/1990,12/31/2099,CA,Canada,Canada,1,1,"United States, Canada and Caribbean"
132,0,1/1/2020,0,0,CPV,42CE64BE2D00CF9E02950AC01B3B63E0,1/1/1990,12/31/2099,CV,Cabo Verde,The Republic of Cabo Verde,238,2,Africa
136,0,1/1/2020,0,0,CYM,00A494EEB5571EDF32FDDFA3EC2962C9,1/1/1990,12/31/2099,KY,Cayman Islands (the),The Cayman Islands,1345,1,"United States, Canada and Caribbean"
140,0,1/1/2020,0,0,CAF,81A51ABD3C3CBBB5709D6A1D7AE7C76E,1/1/1990,12/31/2099,CF,Central African Republic (the),The Central African Republic,236,2,Africa
144,0,1/1/2020,0,0,LKA,A5326F9AAE63B6307049F5125D54199E,1/1/1990,12/31/2099,LK,Sri Lanka,The Democratic Socialist Republic of Sri Lanka,94,9,Asia
148,0,1/1/2020,0,0,TCD,D2F279E7584C91842F1E0B36F6A493F8,1/1/1990,12/31/2099,TD,Chad,The Republic of Chad,235,2,Africa
152,0,1/1/2020,0,0,CHL,00B00BF3FCD2F4FF56052361E33E22B1,1/1/1990,12/31/2099,CL,Chile,The Republic of Chile,56,5,South and Central America
156,0,1/1/2020,0,0,CHN,341E3487052A96B5ACFC26F030D1EADC,1/1/1990,12/31/2099,CN,China,The People's Republic of China,86,8,East Asia and Satellital Services
158,0,1/1/2020,0,0,TWN,1B2DD16A4DC70B9F128E5DC39F2154A5,1/1/1990,12/31/2099,TW,Taiwan (Province of China),The Republic of China,886,8,East Asia and Satellital Services
162,0,1/1/2020,0,0,CXR,638A3895DE2B873D2F9700C53A80E4E9,1/1/1990,12/31/2099,CX,Christmas Island,The Territory of Christmas Island,6189164,6,Southeast Asia and Oceania
166,0,1/1/2020,0,0,CCK,F6D8FB30B6BB4D3E7ADE18B6D96B6119,1/1/1990,12/31/2099,CC,Cocos (Keeling) Islands (the),The Territory of Cocos (Keeling) Islands,6189162,6,Southeast Asia and Oceania
170,0,1/1/2020,0,0,COL,6C28A88E6767C8A79DD05DF0DD60B972,1/1/1990,12/31/2099,CO,Colombia,The Republic of Colombia,57,5,South and Central America
174,0,1/1/2020,0,0,COM,1976E5921DA7FFA29F5F750E39815D86,1/1/1990,12/31/2099,KM,Comoros (the),The Union of the Comoros,269,2,Africa
175,0,1/1/2020,0,0,MYT,7F654E5B5BB4DB582E7D64133DACE20C,1/1/1990,12/31/2099,YT,Mayotte,The Department of Mayotte,2696,2,Africa
178,0,1/1/2020,0,0,COG,388419BEB60650ACB14BA0C176F546ED,1/1/1990,12/31/2099,CG,Congo (the),The Republic of the Congo,242,2,Africa
180,0,1/1/2020,0,0,COD,C60B96E50D1B340D5E6A970039A580EA,1/1/1990,12/31/2099,CD,Congo (the Democratic Republic of the),The Democratic Republic of the Congo,243,2,Africa
184,0,1/1/2020,0,0,COK,4B6D0D4C562EAD402FC0F20D576FE35F,1/1/1990,12/31/2099,CK,Cook Islands (the),The Cook Islands,682,6,Southeast Asia and Oceania
188,0,1/1/2020,0,0,CRI,D5730A28136E2F24B0B3D157D16ABD9E,1/1/1990,12/31/2099,CR,Costa Rica,The Republic of Costa Rica,506,5,South and Central America
191,0,1/1/2020,0,0,HRV,692F737B5BEE21184C7AF637E64B6AB8,1/1/1990,12/31/2099,HR,Croatia,The Republic of Croatia,385,3,Europe
192,0,1/1/2020,0,0,CUB,1E5290188C727EBD2E8296613F953FF4,1/1/1990,12/31/2099,CU,Cuba,The Republic of Cuba,53,5,South and Central America
196,0,1/1/2020,0,0,CYP,2AAAF6BA2C82AB21C134CB3CB4B009BB,1/1/1990,12/31/2099,CY,Cyprus,The Republic of Cyprus,357,3,Europe
203,0,1/1/2020,0,0,CZE,175719162400C3C22AAAF31659A97CF5,1/1/1990,12/31/2099,CZ,Czechia,The Czech Republic,420,4,Europe
204,0,1/1/2020,0,0,BEN,625EEDCC753FAD4CB418A8034AA92EF4,1/1/1990,12/31/2099,BJ,Benin,The Republic of Benin,229,2,Africa
208,0,1/1/2020,0,0,DNK,D8127A87B1E00D31E0E3EA5FB5119627,1/1/1990,12/31/2099,DK,Denmark,The Kingdom of Denmark,45,4,Europe
212,0,1/1/2020,0,0,DMA,95910A790B2B00047D95707FDE523FEF,1/1/1990,12/31/2099,DM,Dominica,The Commonwealth of Dominica,1767,1,"United States, Canada and Caribbean"
214,0,1/1/2020,0,0,DOM,9CBC9E97B9FA905F5978DDF1F1C9D78A,1/1/1990,12/31/2099,DO,Dominican Republic (the),The Dominican Republic,1809,1,"United States, Canada and Caribbean"
218,0,1/1/2020,0,0,ECU,3356A64484C1E5AB47201FC4D69C4612,1/1/1990,12/31/2099,EC,Ecuador,The Republic of Ecuador,593,5,South and Central America
222,0,1/1/2020,0,0,SLV,1E5490E2B441D9C10F1B1901AF435BCF,1/1/1990,12/31/2099,SV,El Salvador,The Republic of El Salvador,503,5,South and Central America
226,0,1/1/2020,0,0,GNQ,21799E719187A8C07A99E1E175646249,1/1/1990,12/31/2099,GQ,Equatorial Guinea,The Republic of Equatorial Guinea,240,2,Africa
231,0,1/1/2020,0,0,ETH,057F82D27B96183A62EA504BEBD835EF,1/1/1990,12/31/2099,ET,Ethiopia,The Federal Democratic Republic of Ethiopia,251,2,Africa
232,0,1/1/2020,0,0,ERI,CFA50EAD1CC284A7C60B69029026A56D,1/1/1990,12/31/2099,ER,Eritrea,The State of Eritrea,291,2,Africa
233,0,1/1/2020,0,0,EST,14D28C1A23CDF202F59B0473EF4B8606,1/1/1990,12/31/2099,EE,Estonia,The Republic of Estonia,372,3,Europe
234,0,1/1/2020,0,0,FRO,AC8DBBAD12293A83D14B88E05F6D9CE0,1/1/1990,12/31/2099,FO,Faroe Islands (the),The Faroe Islands,298,2,Africa
238,0,1/1/2020,0,0,FLK,8DBE27CBF7D786112CA086C7A8128FB3,1/1/1990,12/31/2099,FK,Falkland Islands (the) [Malvinas],The Falkland Islands,500,5,South and Central America
239,0,1/1/2020,0,0,SGS,7D802DF6EA140014B55BFD04C9EB6ECC,1/1/1990,12/31/2099,GS,South Georgia and the South Sandwich Islands,South Georgia and the South Sandwich Islands,500,5,South and Central America
242,0,1/1/2020,0,0,FJI,459781BA7D8F26F2AF92136668A84043,1/1/1990,12/31/2099,FJ,Fiji,The Republic of Fiji,679,6,Southeast Asia and Oceania
246,0,1/1/2020,0,0,FIN,376B7CC842D8F567786005E3B102864D,1/1/1990,12/31/2099,FI,Finland,The Republic of Finland,358,3,Europe
248,0,1/1/2020,0,0,ALA,095B830040D8F09E8391019D0CBC3DEF,1/1/1990,12/31/2099,AX,Åland Islands,Åland,358,3,Europe
250,0,1/1/2020,0,0,FRA,75AB057414414CB4D85B0F707650A77C,1/1/1990,12/31/2099,FR,France,The French Republic,33,3,Europe
254,0,1/1/2020,0,0,GUF,0A318ACAD17A8CCD9E4552A4F3410B30,1/1/1990,12/31/2099,GF,French Guiana,Guyane,594,5,South and Central America
258,0,1/1/2020,0,0,PYF,7DC7DAAB8A35A7BD1EC2E29E194F94C0,1/1/1990,12/31/2099,PF,French Polynesia,French Polynesia,689,6,Southeast Asia and Oceania
260,0,1/1/2020,0,0,ATF,2FBD29F34EE38CC3FB4ACAE4723A0A63,1/1/1990,12/31/2099,TF,French Southern Territories (the),The French Southern and Antarctic Lands,N/A,N/A,Not Applicable
262,0,1/1/2020,0,0,DJI,1BBB3857E53514AC8E1CB545ABD60674,1/1/1990,12/31/2099,DJ,Djibouti,The Republic of Djibouti,253,2,Africa
266,0,1/1/2020,0,0,GAB,7BFA7484E65C1969BF1DD61C4CC5E540,1/1/1990,12/31/2099,GA,Gabon,The Gabonese Republic,241,2,Africa
268,0,1/1/2020,0,0,GEO,FA1772F514A72FE39AB7EEE53605847E,1/1/1990,12/31/2099,GE,Georgia,Georgia,995,9,Asia
270,0,1/1/2020,0,0,GMB,0684DF19852B6C64E84C8D42EA228D28,1/1/1990,12/31/2099,GM,Gambia (the),The Republic of The Gambia,220,2,Africa
275,0,1/1/2020,0,0,PSE,C567A02465296F3FD393040E5FE6DD12,1/1/1990,12/31/2099,PS,"Palestine, State of",The State of Palestine,970,9,Asia
276,0,1/1/2020,0,0,DEU,A2460718F86AD9E5BF9177779935E3E9,1/1/1990,12/31/2099,DE,Germany,The Federal Republic of Germany,49,4,Europe
288,0,1/1/2020,0,0,GHA,6454194C63F160AF221873F3C09FDDA3,1/1/1990,12/31/2099,GH,Ghana,The Republic of Ghana,233,2,Africa
292,0,1/1/2020,0,0,GIB,0EAF6D85B3F2CAAE46510E0F15C6EFDA,1/1/1990,12/31/2099,GI,Gibraltar,Gibraltar,350,3,Europe
296,0,1/1/2020,0,0,KIR,DD774728FA2D9D2B5F67EFBE99451D40,1/1/1990,12/31/2099,KI,Kiribati,The Republic of Kiribati,686,6,Southeast Asia and Oceania
300,0,1/1/2020,0,0,GRC,6EE17659E4E12D36329ADAA9D70E0D5F,1/1/1990,12/31/2099,GR,Greece,The Hellenic Republic,30,3,Europe
304,0,1/1/2020,0,0,GRL,529F980C8570359DFD5CD2A5C283FF58,1/1/1990,12/31/2099,GL,Greenland,Kalaallit Nunaat,299,2,Africa
308,0,1/1/2020,0,0,GRD,AA102363541359BB9C1E7179BF4F03CD,1/1/1990,12/31/2099,GD,Grenada,Grenada,1473,1,"United States, Canada and Caribbean"
312,0,1/1/2020,0,0,GLP,590AE2F20CA32987512453EB383080AF,1/1/1990,12/31/2099,GP,Guadeloupe,Guadeloupe,590,5,South and Central America
316,0,1/1/2020,0,0,GUM,5B7290508F02951257176C5C1EFC9116,1/1/1990,12/31/2099,GU,Guam,The Territory of Guam,1671,1,"United States, Canada and Caribbean"
320,0,1/1/2020,0,0,GTM,E65EFB050D33B5AA98954D3E9DC44215,1/1/1990,12/31/2099,GT,Guatemala,The Republic of Guatemala,502,5,South and Central America
324,0,1/1/2020,0,0,GIN,A6450F56DD36FE7DE1C963B3FAE8AFC2,1/1/1990,12/31/2099,GN,Guinea,The Republic of Guinea,224,2,Africa
328,0,1/1/2020,0,0,GUY,DAF772DBA7BCAF1669A63F69618F235D,1/1/1990,12/31/2099,GY,Guyana,The Co-operative Republic of Guyana,592,5,South and Central America
332,0,1/1/2020,0,0,HTI,0E48CE7E75F4F26BFA7734FA73A97F98,1/1/1990,12/31/2099,HT,Haiti,The Republic of Haiti,509,5,South and Central America
334,0,1/1/2020,0,0,HMD,F29C9D247CF51F891A4D809B3E28D30A,1/1/1990,12/31/2099,HM,Heard Island and McDonald Islands,The Territory of Heard Island and McDonald Islands,N/A,N/A,Not Applicable
336,0,1/1/2020,0,0,VAT,FA63F7EA79AE513057908DD518CDF003,1/1/1990,12/31/2099,VA,Holy See (the),The Holy See,379,3,Europe
340,0,1/1/2020,0,0,HND,B07465776F721E5CAFBD2E67F8A8C8DB,1/1/1990,12/31/2099,HN,Honduras,The Republic of Honduras,504,5,South and Central America
344,0,1/1/2020,0,0,HKG,999BFE90496941DCC7B058D8F528C974,1/1/1990,12/31/2099,HK,Hong Kong,The Hong Kong Special Administrative Region of China,852,8,East Asia and Satellital Services
348,0,1/1/2020,0,0,HUN,20594594934B404BDE15E5ECFCF3F53C,1/1/1990,12/31/2099,HU,Hungary,Hungary,36,3,Europe
352,0,1/1/2020,0,0,ISL,10FFFE5867AC5F1AD51EE0A49D30DB52,1/1/1990,12/31/2099,IS,Iceland,Iceland,354,3,Europe
356,0,1/1/2020,0,0,IND,BFA7B57B083345B0E2F9704E6BC2EA3B,1/1/1990,12/31/2099,IN,India,The Republic of India,91,9,Asia
360,0,1/1/2020,0,0,IDN,C64472ACBB3C937A6B683CF3395F2889,1/1/1990,12/31/2099,ID,Indonesia,The Republic of Indonesia,62,6,Southeast Asia and Oceania
364,0,1/1/2020,0,0,IRN,E66E376A54A72232E0AD7447083772B2,1/1/1990,12/31/2099,IR,Iran (Islamic Republic of),The Islamic Republic of Iran,98,9,Asia
368,0,1/1/2020,0,0,IRQ,19B984608173920D19550523E926072A,1/1/1990,12/31/2099,IQ,Iraq,The Republic of Iraq,964,9,Asia
372,0,1/1/2020,0,0,IRL,33B5665F1897722CC53A986966807280,1/1/1990,12/31/2099,IE,Ireland,Ireland,353,3,Europe
376,0,1/1/2020,0,0,ISR,9F0ACF7433607C0F67EEF765BB507443,1/1/1990,12/31/2099,IL,Israel,The State of Israel,972,9,Asia
380,0,1/1/2020,0,0,ITA,CC076E7BFFED017709F66CD15CF34D06,1/1/1990,12/31/2099,IT,Italy,The Italian Republic,39,3,Europe
384,0,1/1/2020,0,0,CIV,B08E8F99251285561552236F543E6252,1/1/1990,12/31/2099,CI,Côte d'Ivoire,The Republic of Côte d'Ivoire,225,2,Africa
388,0,1/1/2020,0,0,JAM,054D8678AA5628387B8D8AEB11EFCEB8,1/1/1990,12/31/2099,JM,Jamaica,Jamaica,1876,1,"United States, Canada and Caribbean"
392,0,1/1/2020,0,0,JPN,1E3A243D171C2F4BB16460C3D1B04D90,1/1/1990,12/31/2099,JP,Japan,Japan,81,8,East Asia and Satellital Services
398,0,1/1/2020,0,0,KAZ,3242A2F9D787B4335AC86AE24366D0E2,1/1/1990,12/31/2099,KZ,Kazakhstan,The Republic of Kazakhstan,73,7,Russia
400,0,1/1/2020,0,0,JOR,2B099C78646916AEF4B8EFF792007AA5,1/1/1990,12/31/2099,JO,Jordan,The Hashemite Kingdom of Jordan,962,9,Asia
404,0,1/1/2020,0,0,KEN,9EE257120CF88D5F939BEED66B699B0F,1/1/1990,12/31/2099,KE,Kenya,The Republic of Kenya,254,2,Africa
408,0,1/1/2020,0,0,PRK,AA5A613399A7183EF18067CC35675E77,1/1/1990,12/31/2099,KP,Korea (the Democratic People's Republic of),The Democratic People's Republic of Korea,850,8,East Asia and Satellital Services
410,0,1/1/2020,0,0,KOR,026BA8208850A8A8B313BD567DEFB6E3,1/1/1990,12/31/2099,KR,Korea (the Republic of),The Republic of Korea,82,8,East Asia and Satellital Services
414,0,1/1/2020,0,0,KWT,FD7B7B02734C783E6B3501A72E4E8C46,1/1/1990,12/31/2099,KW,Kuwait,The State of Kuwait,965,9,Asia
417,0,1/1/2020,0,0,KGZ,C009DBA22D6B5921E47E01B29B50351C,1/1/1990,12/31/2099,KG,Kyrgyzstan,The Kyrgyz Republic,996,9,Asia
418,0,1/1/2020,0,0,LAO,81F02CEC78ECEE18D488A5CE7C85C5E6,1/1/1990,12/31/2099,LA,Lao People's Democratic Republic (the),The Lao People's Democratic Republic,856,8,East Asia and Satellital Services
422,0,1/1/2020,0,0,LBN,8446B78AE5A7F079726D2FAA1EF814C8,1/1/1990,12/31/2099,LB,Lebanon,The Lebanese Republic,961,9,Asia
426,0,1/1/2020,0,0,LSO,5D551D281056CFA70DEE5E86A714509D,1/1/1990,12/31/2099,LS,Lesotho,The Kingdom of Lesotho,266,2,Africa
428,0,1/1/2020,0,0,LVA,1B96F684E76C7372B0B2DCBCAA763B90,1/1/1990,12/31/2099,LV,Latvia,The Republic of Latvia,371,3,Europe
430,0,1/1/2020,0,0,LBR,DF3399D948CC088C737B90F5A17459E4,1/1/1990,12/31/2099,LR,Liberia,The Republic of Liberia,231,2,Africa
434,0,1/1/2020,0,0,LBY,24901863A8C62AC4FB6372CDF36BF42B,1/1/1990,12/31/2099,LY,Libya,The State of Libya,218,2,Africa
438,0,1/1/2020,0,0,LIE,41F68C20E8AE2AF920676426997DBC46,1/1/1990,12/31/2099,LI,Liechtenstein,The Principality of Liechtenstein,423,4,Europe
440,0,1/1/2020,0,0,LTU,0F4BADD569E0100D6EA79EA7F95C1FC3,1/1/1990,12/31/2099,LT,Lithuania,The Republic of Lithuania,370,3,Europe
442,0,1/1/2020,0,0,LUX,6D888E9F983319B310226F2ACAF48EB9,1/1/1990,12/31/2099,LU,Luxembourg,The Grand Duchy of Luxembourg,352,3,Europe
446,0,1/1/2020,0,0,MAC,D601C2FF5022CB4C2A5E776F25515C65,1/1/1990,12/31/2099,MO,Macao,Macao Special Administrative Region of China,853,8,East Asia and Satellital Services
450,0,1/1/2020,0,0,MDG,FAF8848FEB857B985EF2197590D43003,1/1/1990,12/31/2099,MG,Madagascar,The Republic of Madagascar,261,2,Africa
454,0,1/1/2020,0,0,MWI,4D7B9ACC9AEBB5234F770A6ECCEBF533,1/1/1990,12/31/2099,MW,Malawi,The Republic of Malawi,265,2,Africa
458,0,1/1/2020,0,0,MYS,DFF081139AA607DE8C1D035714777FAF,1/1/1990,12/31/2099,MY,Malaysia,Malaysia,60,6,Southeast Asia and Oceania
462,0,1/1/2020,0,0,MDV,CB94D817E989ADB41DDA271116BA805B,1/1/1990,12/31/2099,MV,Maldives,The Republic of Maldives,960,9,Asia
466,0,1/1/2020,0,0,MLI,C1AA5FE37FEF2BC8D8F8EFCC11CB8537,1/1/1990,12/31/2099,ML,Mali,The Republic of Mali,223,2,Africa
470,0,1/1/2020,0,0,MLT,80630E46DA32D1CB0207AC20FB4210A9,1/1/1990,12/31/2099,MT,Malta,The Republic of Malta,356,3,Europe
474,0,1/1/2020,0,0,MTQ,8F4B81550A53662B0116CF7941895513,1/1/1990,12/31/2099,MQ,Martinique,Martinique,596,5,South and Central America
478,0,1/1/2020,0,0,MRT,DBFD9590113DDA6C064D685CD3623F25,1/1/1990,12/31/2099,MR,Mauritania,The Islamic Republic of Mauritania,222,2,Africa
480,0,1/1/2020,0,0,MUS,687F0F42B6C3AC166D44705DF7CE592F,1/1/1990,12/31/2099,MU,Mauritius,The Republic of Mauritius,230,2,Africa
484,0,1/1/2020,0,0,MEX,F2C520636B9E446F58086D28329EFC4D,1/1/1990,12/31/2099,MX,Mexico,The United Mexican States,52,5,South and Central America
492,0,1/1/2020,0,0,MCO,1255206053B5114235BC2E673544EAA8,1/1/1990,12/31/2099,MC,Monaco,The Principality of Monaco,377,3,Europe
496,0,1/1/2020,0,0,MNG,9659ED60DCA8EAEB587A31CC56A78875,1/1/1990,12/31/2099,MN,Mongolia,The State of Mongolia,976,9,Asia
498,0,1/1/2020,0,0,MDA,16C217584350F93811A55F9AC4342786,1/1/1990,12/31/2099,MD,Moldova (the Republic of),The Republic of Moldova,373,3,Europe
499,0,1/1/2020,0,0,MNE,A44E4AC079CFD81B6699EBB72452EE75,1/1/1990,12/31/2099,ME,Montenegro,Montenegro,382,4,Europe
500,0,1/1/2020,0,0,MSR,3648CEED97053A9417982C542B107A35,1/1/1990,12/31/2099,MS,Montserrat,Montserrat,1664,1,"United States, Canada and Caribbean"
504,0,1/1/2020,0,0,MAR,3B02D12B5C3A73D910F50AADD68879D8,1/1/1990,12/31/2099,MA,Morocco,The Kingdom of Morocco,212,2,Africa
508,0,1/1/2020,0,0,MOZ,A7F42F9D2A0E5EC4B91888AF98E707D1,1/1/1990,12/31/2099,MZ,Mozambique,The Republic of Mozambique,258,2,Africa
512,0,1/1/2020,0,0,OMN,932177C9E94E0073BFD05671FC9E4D2A,1/1/1990,12/31/2099,OM,Oman,The Sultanate of Oman,968,9,Asia
516,0,1/1/2020,0,0,NAM,C071253D01CD8AD39C4DDCC868130D5D,1/1/1990,12/31/2099,NA,Namibia,The Republic of Namibia,264,2,Africa
520,0,1/1/2020,0,0,NRU,D13B8AD7FE414C3BE6C536E7968FDDFD,1/1/1990,12/31/2099,NR,Nauru,The Republic of Nauru,674,6,Southeast Asia and Oceania
524,0,1/1/2020,0,0,NPL,D32A2338A696E90ED846624C6AC66286,1/1/1990,12/31/2099,NP,Nepal,The Federal Democratic Republic of Nepal,977,9,Asia
528,0,1/1/2020,0,0,NLD,895E1978D846E3850836B757CBE6ECAB,1/1/1990,12/31/2099,NL,Netherlands (the),The Kingdom of the Netherlands,31,3,Europe
531,0,1/1/2020,0,0,CUW,9F02C9D49D381E9ABF533404CDDDF05D,1/1/1990,12/31/2099,CW,Curaçao,The Country of Curaçao,5999,5,South and Central America
533,0,1/1/2020,0,0,ABW,D4270E9F221BC225D865C90B63B1610D,1/1/1990,12/31/2099,AW,Aruba,Aruba,297,2,Africa
534,0,1/1/2020,0,0,SXM,BB822E9FA72C1DD4A814878736FD8B84,1/1/1990,12/31/2099,SX,Sint Maarten (Dutch part),Sint Maarten,1721,1,"United States, Canada and Caribbean"
535,0,1/1/2020,0,0,BES,B6AACD35B5891C055E6BCD7242D1F77E,1/1/1990,12/31/2099,BQ,Bonaire,"Bonaire, Sint Eustatius and Saba",5997,5,South and Central America
540,0,1/1/2020,0,0,NCL,4C3F8CFD0A31605D0E14945F5BA605EB,1/1/1990,12/31/2099,NC,New Caledonia,New Caledonia,687,6,Southeast Asia and Oceania
548,0,1/1/2020,0,0,VUT,F41B0918F4E9485C0DB9CA8453651860,1/1/1990,12/31/2099,VU,Vanuatu,The Republic of Vanuatu,678,6,Southeast Asia and Oceania
554,0,1/1/2020,0,0,NZL,170BFF5490A367D331C930AD22DD93E8,1/1/1990,12/31/2099,NZ,New Zealand,New Zealand,64,6,Southeast Asia and Oceania
558,0,1/1/2020,0,0,NIC,CFCEB8109B11A0BF9A614E7E96C6A4B9,1/1/1990,12/31/2099,NI,Nicaragua,The Republic of Nicaragua,505,5,South and Central America
562,0,1/1/2020,0,0,NER,CCCD09C1BFBFF41BC5E324B0CB8673F0,1/1/1990,12/31/2099,NE,Niger (the),The Republic of the Niger,227,2,Africa
566,0,1/1/2020,0,0,NGA,695BEC3793C7632E51A9DB95D6752DDA,1/1/1990,12/31/2099,NG,Nigeria,The Federal Republic of Nigeria,234,2,Africa
570,0,1/1/2020,0,0,NIU,8165B7400A1C4F07C29DC99D550659E6,1/1/1990,12/31/2099,NU,Niue,Niue,683,6,Southeast Asia and Oceania
574,0,1/1/2020,0,0,NFK,96AC21378A0C8F601F271E4060EDB0D2,1/1/1990,12/31/2099,NF,Norfolk Island,The Territory of Norfolk Island,6723,6,Southeast Asia and Oceania
578,0,1/1/2020,0,0,NOR,0CC6638DC68573592D995BE7F6D6DD70,1/1/1990,12/31/2099,NO,Norway,The Kingdom of Norway,47,4,Europe
580,0,1/1/2020,0,0,MNP,88CD73C2CD66DBCC76BDFC702B0E1F1D,1/1/1990,12/31/2099,MP,Northern Mariana Islands (the),The Commonwealth of the Northern Mariana Islands,1670,1,"United States, Canada and Caribbean"
581,0,1/1/2020,0,0,UMI,B944CEBE297EDF6701D5D6EF6CA28F70,1/1/1990,12/31/2099,UM,United States Minor Outlying Islands (the),"Baker Island, Howland Island, Jarvis Island, Johnston Atoll, Kingman Reef, Midway Atoll, Navassa Island, Palmyra Atoll, and Wake Island",N/A,N/A,Not Applicable
583,0,1/1/2020,0,0,FSM,C7EEE81C0B431EA2026B286023EBB477,1/1/1990,12/31/2099,FM,Micronesia (Federated States of),The Federated States of Micronesia,691,6,Southeast Asia and Oceania
584,0,1/1/2020,0,0,MHL,793ADBACD08341124E2BC80A6138D39C,1/1/1990,12/31/2099,MH,Marshall Islands (the),The Republic of the Marshall Islands,692,6,Southeast Asia and Oceania
585,0,1/1/2020,0,0,PLW,9691C1905538BB89C49F87F8D2AB60BA,1/1/1990,12/31/2099,PW,Palau,The Republic of Palau,680,6,Southeast Asia and Oceania
586,0,1/1/2020,0,0,PAK,D9B74E553B9473A27CDD008A6828F9F9,1/1/1990,12/31/2099,PK,Pakistan,The Islamic Republic of Pakistan,92,9,Asia
591,0,1/1/2020,0,0,PAN,4E8BD0D0FE4DA42050DCA70725E68703,1/1/1990,12/31/2099,PA,Panama,The Republic of Panamá,507,5,South and Central America
598,0,1/1/2020,0,0,PNG,DF6B9DF7FEB521B1DE90DCEEC33BA67B,1/1/1990,12/31/2099,PG,Papua New Guinea,The Independent State of Papua New Guinea,675,6,Southeast Asia and Oceania
600,0,1/1/2020,0,0,PRY,0430D777C369C22E57B439B4F9187277,1/1/1990,12/31/2099,PY,Paraguay,The Republic of Paraguay,595,5,South and Central America
604,0,1/1/2020,0,0,PER,461A2D400536F4B969F3D077BD324F10,1/1/1990,12/31/2099,PE,Peru,The Republic of Perú,51,5,South and Central America
608,0,1/1/2020,0,0,PHL,70BB0622FE5EAEE41899653BF1A68E06,1/1/1990,12/31/2099,PH,Philippines (the),The Republic of the Philippines,63,6,Southeast Asia and Oceania
612,0,1/1/2020,0,0,PCN,21AF19E9DD01D010905A8D2159F0AD8E,1/1/1990,12/31/2099,PN,Pitcairn,"The Pitcairn, Henderson, Ducie and Oeno Islands",64,6,Southeast Asia and Oceania
616,0,1/1/2020,0,0,POL,EDC5011274C672DFCD14DCA005D63F6D,1/1/1990,12/31/2099,PL,Poland,The Republic of Poland,48,4,Europe
620,0,1/1/2020,0,0,PRT,5C42FB5A49775C67C55469E02A5EF8EB,1/1/1990,12/31/2099,PT,Portugal,The Portuguese Republic,351,3,Europe
624,0,1/1/2020,0,0,GNB,EC255C03F82719A25C7A44A1F2E65F3D,1/1/1990,12/31/2099,GW,Guinea-Bissau,The Republic of Guinea-Bissau,245,2,Africa
626,0,1/1/2020,0,0,TLS,C1EB9CEB9133B97E1D786BE650135A33,1/1/1990,12/31/2099,TL,Timor-Leste,The Democratic Republic of Timor-Leste,670,6,Southeast Asia and Oceania
630,0,1/1/2020,0,0,PRI,44ABBCD7603B17069147E353598674CD,1/1/1990,12/31/2099,PR,Puerto Rico,The Commonwealth of Puerto Rico,1787,1,"United States, Canada and Caribbean"
634,0,1/1/2020,0,0,QAT,4AD643B0C7E2AB6BABDACEF99DE7783A,1/1/1990,12/31/2099,QA,Qatar,The State of Qatar,974,9,Asia
638,0,1/1/2020,0,0,REU,894D95FD52E2F00D42D444B140F493E6,1/1/1990,12/31/2099,RE,Réunion,Réunion,262,2,Africa
642,0,1/1/2020,0,0,ROU,5E421E4EA37B90788A334675E1D4D466,1/1/1990,12/31/2099,RO,Romania,Romania,40,4,Europe
643,0,1/1/2020,0,0,RUS,41098666DD75E8931CEAF0CC326771C5,1/1/1990,12/31/2099,RU,Russian Federation (the),The Russian Federation,7,7,Russia
646,0,1/1/2020,0,0,RWA,FC03DA4A8E855F617D8A90E7F1CE9AD6,1/1/1990,12/31/2099,RW,Rwanda,The Republic of Rwanda,250,2,Africa
652,0,1/1/2020,0,0,BLM,14FFFCF42E0E5EFDE4E970DD3D722737,1/1/1990,12/31/2099,BL,Saint Barthélemy,The Collectivity of Saint-Barthélemy,590,5,South and Central America
654,0,1/1/2020,0,0,SHN,EEB20F7291FFE6356FE5271819BF242D,1/1/1990,12/31/2099,SH,Saint Helena,"Saint Helena, Ascension and Tristan da Cunha",290,2,Africa
659,0,1/1/2020,0,0,KNA,9FDD4AC852FDDE5FBD4E3A13FF450884,1/1/1990,12/31/2099,KN,Saint Kitts and Nevis,Saint Kitts and Nevis,1869,1,"United States, Canada and Caribbean"
660,0,1/1/2020,0,0,AIA,9E53630D818DB592E68270A0B8044F88,1/1/1990,12/31/2099,AI,Anguilla,Anguilla,1264,1,"United States, Canada and Caribbean"
662,0,1/1/2020,0,0,LCA,D869CC88F3CE9E6D14C17299FA322182,1/1/1990,12/31/2099,LC,Saint Lucia,Saint Lucia,1758,1,"United States, Canada and Caribbean"
663,0,1/1/2020,0,0,MAF,90C0B4F6F77EFFDFF734A155DA5E158B,1/1/1990,12/31/2099,MF,Saint Martin (French part),The Collectivity of Saint-Martin,590,5,South and Central America
666,0,1/1/2020,0,0,SPM,0E03ADD0C95D65A353342F7DA3A8329E,1/1/1990,12/31/2099,PM,Saint Pierre and Miquelon,The Overseas Collectivity of Saint-Pierre and Miquelon,508,5,South and Central America
670,0,1/1/2020,0,0,VCT,49D5C2319787B421C66681E570CD64E2,1/1/1990,12/31/2099,VC,Saint Vincent and the Grenadines,Saint Vincent and the Grenadines,1784,1,"United States, Canada and Caribbean"
674,0,1/1/2020,0,0,SMR,07D0F4E3E48D10A512A596F175AFD9DD,1/1/1990,12/31/2099,SM,San Marino,The Republic of San Marino,378,3,Europe
678,0,1/1/2020,0,0,STP,969C73AE7635A6F151E6A8FE832413CF,1/1/1990,12/31/2099,ST,Sao Tome and Principe,The Democratic Republic of São Tomé and Príncipe,239,2,Africa
682,0,1/1/2020,0,0,SAU,4951036F0D0BAF5D190F3D63C5A362E9,1/1/1990,12/31/2099,SA,Saudi Arabia,The Kingdom of Saudi Arabia,966,9,Asia
686,0,1/1/2020,0,0,SEN,E4175C3DCDD7975B892AD8D187411BCD,1/1/1990,12/31/2099,SN,Senegal,The Republic of Senegal,221,2,Africa
688,0,1/1/2020,0,0,SRB,949D0AC68050EDA5F22B9E1A523E817C,1/1/1990,12/31/2099,RS,Serbia,The Republic of Serbia,381,3,Europe
690,0,1/1/2020,0,0,SYC,E403060A357C71BB0D5F257A242A4ECD,1/1/1990,12/31/2099,SC,Seychelles,The Republic of Seychelles,248,2,Africa
694,0,1/1/2020,0,0,SLE,F2565097370E9FB002860B5573A17BB1,1/1/1990,12/31/2099,SL,Sierra Leone,The Republic of Sierra Leone,232,2,Africa
702,0,1/1/2020,0,0,SGP,D3E0F65AB30197CBB393153A51B25A82,1/1/1990,12/31/2099,SG,Singapore,The Republic of Singapore,65,6,Southeast Asia and Oceania
703,0,1/1/2020,0,0,SVK,6A4C2695787D337461A2DA42B565E149,1/1/1990,12/31/2099,SK,Slovakia,The Slovak Republic,421,4,Europe
704,0,1/1/2020,0,0,VNM,9674DAF8852BB5D9ED7970D3053662E8,1/1/1990,12/31/2099,VN,Viet Nam,The Socialist Republic of Viet Nam,84,8,East Asia and Satellital Services
705,0,1/1/2020,0,0,SVN,D0E5AB44FF375D070A0B420547584DF6,1/1/1990,12/31/2099,SI,Slovenia,The Republic of Slovenia,386,3,Europe
706,0,1/1/2020,0,0,SOM,3DABF31EEA142432C374FE95015DE404,1/1/1990,12/31/2099,SO,Somalia,The Federal Republic of Somalia,252,2,Africa
710,0,1/1/2020,0,0,ZAF,0732B4FC6B9342E69396243B27097F29,1/1/1990,12/31/2099,ZA,South Africa,The Republic of South Africa,27,2,Africa
716,0,1/1/2020,0,0,ZWE,046755AFE806B864FBBA7F63E64FE19E,1/1/1990,12/31/2099,ZW,Zimbabwe,The Republic of Zimbabwe,263,2,Africa
724,0,1/1/2020,0,0,ESP,200BC85EBCA270AE3C3C6F235DE6A77E,1/1/1990,12/31/2099,ES,Spain,The Kingdom of Spain,34,3,Europe
728,0,1/1/2020,0,0,SSD,41AEC669A220A2303A7C66FBD32A2499,1/1/1990,12/31/2099,SS,South Sudan,The Republic of South Sudan,211,2,Africa
729,0,1/1/2020,0,0,SDN,BC1BBC5CEFFAE6802087E0064609C707,1/1/1990,12/31/2099,SD,Sudan (the),The Republic of the Sudan,249,2,Africa
732,0,1/1/2020,0,0,ESH,8948184DA8DB12E22997684A2202A71B,1/1/1990,12/31/2099,EH,Western Sahara,The Sahrawi Arab Democratic Republic,212,2,Africa
740,0,1/1/2020,0,0,SUR,8B9ABF58E4353652006B248A97959986,1/1/1990,12/31/2099,SR,Suriname,The Republic of Suriname,597,5,South and Central America
744,0,1/1/2020,0,0,SJM,15655DE1BED18A00593689F7A14342D8,1/1/1990,12/31/2099,SJ,Svalbard,Svalbard and Jan Mayen,47,4,Europe
748,0,1/1/2020,0,0,SWZ,FD52ACC1E220A36E2662C1FA1CF25811,1/1/1990,12/31/2099,SZ,Eswatini,The Kingdom of Eswatini,268,2,Africa
752,0,1/1/2020,0,0,SWE,3642BCBFFF175F51767250FB03D3F295,1/1/1990,12/31/2099,SE,Sweden,The Kingdom of Sweden,46,4,Europe
756,0,1/1/2020,0,0,CHE,AF06F66432F6028EEB2DEA934C77FF79,1/1/1990,12/31/2099,CH,Switzerland,The Swiss Confederation,41,4,Europe
760,0,1/1/2020,0,0,SYR,15C158F7F51B323FEFB81D05EE7B8039,1/1/1990,12/31/2099,SY,Syrian Arab Republic (the),The Syrian Arab Republic,963,9,Asia
762,0,1/1/2020,0,0,TJK,B2DEAC8FE0BFE4488B422E56BB359EA1,1/1/1990,12/31/2099,TJ,Tajikistan,The Republic of Tajikistan,992,9,Asia
764,0,1/1/2020,0,0,THA,A9FFF9B2BAEFCA0E0774A6F26B571659,1/1/1990,12/31/2099,TH,Thailand,The Kingdom of Thailand,66,6,Southeast Asia and Oceania
768,0,1/1/2020,0,0,TGO,D8CA5DDBF37B3EDC6486CD83465D2D7E,1/1/1990,12/31/2099,TG,Togo,The Togolese Republic,228,2,Africa
772,0,1/1/2020,0,0,TKL,802411B62B2D7C21D3888864C820DF71,1/1/1990,12/31/2099,TK,Tokelau,Tokelau,690,6,Southeast Asia and Oceania
776,0,1/1/2020,0,0,TON,AED9CACDE1450C852379F82B4526AE15,1/1/1990,12/31/2099,TO,Tonga,The Kingdom of Tonga,676,6,Southeast Asia and Oceania
780,0,1/1/2020,0,0,TTO,E07313D7A37589B210418891DE20C686,1/1/1990,12/31/2099,TT,Trinidad and Tobago,The Republic of Trinidad and Tobago,1868,1,"United States, Canada and Caribbean"
784,0,1/1/2020,0,0,ARE,B0864822063E5F2341E92F1BCC3F0C08,1/1/1990,12/31/2099,AE,United Arab Emirates (the),The United Arab Emirates,971,9,Asia
788,0,1/1/2020,0,0,TUN,B3FA972B5EA0A1158F42AD375784D7AF,1/1/1990,12/31/2099,TN,Tunisia,The Republic of Tunisia,216,2,Africa
792,0,1/1/2020,0,0,TUR,78DAAC6A5A38DC25D37C747B4274F618,1/1/1990,12/31/2099,TR,Turkey,The Republic of Turkey,90,9,Asia
795,0,1/1/2020,0,0,TKM,B4ADBB4E9B4962E0D23A0C09D750C42A,1/1/1990,12/31/2099,TM,Turkmenistan,Turkmenistan,993,9,Asia
796,0,1/1/2020,0,0,TCA,6822355C453F40721EC3177A6E2102C8,1/1/1990,12/31/2099,TC,Turks and Caicos Islands (the),The Turks and Caicos Islands,1649,1,"United States, Canada and Caribbean"
798,0,1/1/2020,0,0,TUV,13587AAC3472134435C763675D0B21E2,1/1/1990,12/31/2099,TV,Tuvalu,Tuvalu,688,6,Southeast Asia and Oceania
800,0,1/1/2020,0,0,UGA,B408EFFCDF16502E36F50366D1F25BDF,1/1/1990,12/31/2099,UG,Uganda,The Republic of Uganda,256,2,Africa
804,0,1/1/2020,0,0,UKR,37A69EABF138515F76807090E495C51E,1/1/1990,12/31/2099,UA,Ukraine,Ukraine,380,3,Europe
807,0,1/1/2020,0,0,MKD,6780559DC93766E87881DDE3A6515574,1/1/1990,12/31/2099,MK,North Macedonia,Republic of North Macedonia,389,3,Europe
818,0,1/1/2020,0,0,EGY,BC93CA807D0355528B57900A1298A18F,1/1/1990,12/31/2099,EG,Egypt,The Arab Republic of Egypt,20,2,Africa
826,0,1/1/2020,0,0,GBR,57FC897C7190510E1F3E41826153EC04,1/1/1990,12/31/2099,GB,United Kingdom of Great Britain and Northern Ireland (the),The United Kingdom of Great Britain and Northern Ireland,44,4,Europe
831,0,1/1/2020,0,0,GGY,7C47D62F404FE62A7149C72E335B4D1F,1/1/1990,12/31/2099,GG,Guernsey,The Bailiwick of Guernsey,44,4,Europe
832,0,1/1/2020,0,0,JEY,9B2DF3A3E2D0B4DCD19B37ADF4D3BD9E,1/1/1990,12/31/2099,JE,Jersey,The Bailiwick of Jersey,44,4,Europe
833,0,1/1/2020,0,0,IMN,581724A590EC1AD7E5C2B802F13244D6,1/1/1990,12/31/2099,IM,Isle of Man,The Isle of Man,44,4,Europe
834,0,1/1/2020,0,0,TZA,A1337B72C51619FF5CC352CFC1E09CF5,1/1/1990,12/31/2099,TZ,"Tanzania, the United Republic of",The United Republic of Tanzania,255,2,Africa
840,0,1/1/2020,0,0,USA,058184D965DA190115BBB46DEB88A88E,1/1/1990,12/31/2099,US,United States of America (the),The United States of America,1,1,"United States, Canada and Caribbean"
850,0,1/1/2020,0,0,VIR,6A11B644EF477F1D885022846A357A26,1/1/1990,12/31/2099,VI,Virgin Islands (U.S.),The Virgin Islands of the United States,1340,1,"United States, Canada and Caribbean"
854,0,1/1/2020,0,0,BFA,0ABB0090444957BE625C0AB510692B04,1/1/1990,12/31/2099,BF,Burkina Faso,Burkina Faso,226,2,Africa
858,0,1/1/2020,0,0,URY,E8F19EA8803A892CE4AA4C32EB99AEEA,1/1/1990,12/31/2099,UY,Uruguay,The Oriental Republic of Uruguay,598,5,South and Central America
860,0,1/1/2020,0,0,UZB,D0B9F4A2455477461779D24EAB2CD31D,1/1/1990,12/31/2099,UZ,Uzbekistan,The Republic of Uzbekistan,998,9,Asia
862,0,1/1/2020,0,0,VEN,C1E3CFBDA5E5D23579A77324E2EAAB00,1/1/1990,12/31/2099,VE,Venezuela (Bolivarian Republic of),The Bolivarian Republic of Venezuela,58,5,South and Central America
876,0,1/1/2020,0,0,WLF,7D9D4CAD747658BD9113A1A59B9F83A9,1/1/1990,12/31/2099,WF,Wallis and Futuna,The Territory of the Wallis and Futuna Islands,681,6,Southeast Asia and Oceania
882,0,1/1/2020,0,0,WSM,83AB31C39CE32574772AEE3A109B16BE,1/1/1990,12/31/2099,WS,Samoa,The Independent State of Samoa,685,6,Southeast Asia and Oceania
887,0,1/1/2020,0,0,YEM,6BB375313EA4B3A3BCF1EC2C8195AA4A,1/1/1990,12/31/2099,YE,Yemen,The Republic of Yemen,969,9,Asia
894,0,1/1/2020,0,0,ZMB,1F25F87CE8FA1525BC2CEDED54557712,1/1/1990,12/31/2099,ZM,Zambia,The Republic of Zambia,260,2,Africa
